[{"model": "sessions.session", "pk": "33pprf8k8xb7exvsy8wcllwn56fxubk5", "fields": {"session_data": ".eJxVjDEOwjAMRe-SGUW20waHkZ0zRE7j0AJqpaadEHdHkTrA-t97_22i7NsY96prnLK5GDKn3y3J8NS5gfyQ-b7YYZm3dUq2Kfag1d6WrK_r4f4djFLHVisSMWJxIUuggcIZiutQsgqAd0nZMwO6noEEBD0kLcl3fUdIHMznC8msNsg:1vDcOL:pYrrf13QdLutPfqwTZDyCUJtGaXYfDDe_ZX5xYvsReY", "expire_date": "2025-11-11T05:37:09.075Z"}}, {"model": "sessions.session", "pk": "5lhpambyqdu7ixfz9kq0j0at54nr2675", "fields": {"session_data": ".eJxVjDEOwjAMRe-SGUW20waHkZ0zRE7j0AJqpaadEHdHkTrA-t97_22i7NsY96prnLK5GDKn3y3J8NS5gfyQ-b7YYZm3dUq2Kfag1d6WrK_r4f4djFLHVisSMWJxIUuggcIZiutQsgqAd0nZMwO6noEEBD0kLcl3fUdIHMznC8msNsg:1vDcqB:I2TNEjtiw2qIiSFKG1U9v82iAfEmN9GXh0OEa5z_M5c", "expire_date": "2025-11-11T06:05:55.770Z"}}, {"model": "maths.customuser", "pk": 1, "fields": {"password": "pbkdf2_sha256$1000000$VhcFJp5rSAJVBEULZrKeok$bQlA1f9FQH1hI3Nl7QL58EUxCL9v84JaS7XBSWCFv4s=", "last_login": "2025-10-28T05:35:54.602Z", "is_superuser": true, "username": "admin", "first_name": "", "last_name": "", "email": "inoshi.fernando@gmail.com", "is_staff": true, "is_active": true, "date_joined": "2025-10-28T05:19:14.972Z", "is_teacher": false, "groups": [], "user_permissions": []}}, {"model": "maths.customuser", "pk": 2, "fields": {"password": "pbkdf2_sha256$1000000$mjG8lZAe1OsT6qDYGX0Cqq$j3OrXxnmFBDJ7XoXAXyZmQf9qLm+hOhILFOZ9JFEw9o=", "last_login": "2025-10-28T06:05:55.763Z", "is_superuser": false, "username": "avisha.munasinghe", "first_name": "", "last_name": "", "email": "avisha.munasinghe@gmail.com", "is_staff": false, "is_active": true, "date_joined": "2025-10-28T05:37:07.708Z", "is_teacher": false, "groups": [], "user_permissions": []}}, {"model": "maths.topic", "pk": 7, "fields": {"name": "Measurements"}}, {"model": "maths.level", "pk": 1, "fields": {"level_number": 1, "title": "Year 1 Maths", "topics": [7]}}, {"model": "maths.level", "pk": 2, "fields": {"level_number": 2, "title": "Year 2 Maths", "topics": [7]}}, {"model": "maths.level", "pk": 3, "fields": {"level_number": 3, "title": "Year 3 Maths", "topics": [7]}}, {"model": "maths.level", "pk": 4, "fields": {"level_number": 4, "title": "Year 4 Maths", "topics": [7]}}, {"model": "maths.level", "pk": 5, "fields": {"level_number": 5, "title": "Year 5 Maths", "topics": [7]}}, {"model": "maths.level", "pk": 6, "fields": {"level_number": 6, "title": "Year 6 Maths", "topics": [7]}}, {"model": "maths.level", "pk": 7, "fields": {"level_number": 7, "title": "Year 7 Maths", "topics": [7]}}, {"model": "maths.level", "pk": 8, "fields": {"level_number": 8, "title": "Year 8 Maths", "topics": [7]}}, {"model": "maths.level", "pk": 9, "fields": {"level_number": 9, "title": "Year 9 Maths", "topics": [7]}}, {"model": "maths.level", "pk": 10, "fields": {"level_number": 10, "title": "Year 10 Maths", "topics": [7]}}, {"model": "maths.question", "pk": 1, "fields": {"level": 5, "question_text": "Find the unknown length.", "question_type": "multiple_choice", "difficulty": 1, "points": 1, "explanation": "", "image": "questions/year5/measurements/image1.png", "created_at": "2025-10-28T05:47:28.003Z", "updated_at": "2025-10-28T05:47:28.003Z"}}, {"model": "maths.question", "pk": 2, "fields": {"level": 5, "question_text": "Find the unknown length.", "question_type": "multiple_choice", "difficulty": 1, "points": 1, "explanation": "", "image": "questions/year5/measurements/image2.png", "created_at": "2025-10-28T05:47:28.090Z", "updated_at": "2025-10-28T05:47:28.090Z"}}, {"model": "maths.question", "pk": 3, "fields": {"level": 5, "question_text": "Find the unknown length.", "question_type": "multiple_choice", "difficulty": 1, "points": 1, "explanation": "", "image": "questions/year5/measurements/image3.png", "created_at": "2025-10-28T05:47:28.135Z", "updated_at": "2025-10-28T05:47:28.135Z"}}, {"model": "maths.question", "pk": 4, "fields": {"level": 5, "question_text": "Find the unknown length.", "question_type": "multiple_choice", "difficulty": 1, "points": 1, "explanation": "", "image": "questions/year5/measurements/image4.png", "created_at": "2025-10-28T05:47:28.168Z", "updated_at": "2025-10-28T05:47:28.168Z"}}, {"model": "maths.question", "pk": 5, "fields": {"level": 5, "question_text": "Find the unknown length.", "question_type": "multiple_choice", "difficulty": 1, "points": 1, "explanation": "", "image": "questions/year5/measurements/image5.png", "created_at": "2025-10-28T05:47:28.198Z", "updated_at": "2025-10-28T05:47:28.198Z"}}, {"model": "maths.question", "pk": 6, "fields": {"level": 5, "question_text": "Calculate the area.", "question_type": "multiple_choice", "difficulty": 1, "points": 1, "explanation": "", "image": "questions/year5/measurements/image6.png", "created_at": "2025-10-28T05:47:28.224Z", "updated_at": "2025-10-28T05:47:28.224Z"}}, {"model": "maths.question", "pk": 7, "fields": {"level": 5, "question_text": "Calculate the area.", "question_type": "multiple_choice", "difficulty": 1, "points": 1, "explanation": "", "image": "questions/year5/measurements/image7.png", "created_at": "2025-10-28T05:47:28.254Z", "updated_at": "2025-10-28T05:47:28.254Z"}}, {"model": "maths.question", "pk": 8, "fields": {"level": 5, "question_text": "Calculate the area.", "question_type": "multiple_choice", "difficulty": 1, "points": 1, "explanation": "", "image": "questions/year5/measurements/image8.png", "created_at": "2025-10-28T05:47:28.280Z", "updated_at": "2025-10-28T05:47:28.280Z"}}, {"model": "maths.question", "pk": 9, "fields": {"level": 5, "question_text": "Calculate the area.", "question_type": "multiple_choice", "difficulty": 1, "points": 1, "explanation": "", "image": "questions/year5/measurements/image9.png", "created_at": "2025-10-28T05:47:28.313Z", "updated_at": "2025-10-28T05:47:28.313Z"}}, {"model": "maths.question", "pk": 10, "fields": {"level": 5, "question_text": "Calculate the area.", "question_type": "multiple_choice", "difficulty": 1, "points": 1, "explanation": "", "image": "questions/year5/measurements/image10.png", "created_at": "2025-10-28T05:47:28.341Z", "updated_at": "2025-10-28T05:47:28.341Z"}}, {"model": "maths.question", "pk": 11, "fields": {"level": 5, "question_text": "Calculate the area.", "question_type": "multiple_choice", "difficulty": 1, "points": 1, "explanation": "", "image": "questions/year5/measurements/image11.png", "created_at": "2025-10-28T05:47:28.369Z", "updated_at": "2025-10-28T05:47:28.369Z"}}, {"model": "maths.question", "pk": 12, "fields": {"level": 5, "question_text": "Calculate the area.", "question_type": "multiple_choice", "difficulty": 1, "points": 1, "explanation": "", "image": "questions/year5/measurements/image12.png", "created_at": "2025-10-28T05:47:28.397Z", "updated_at": "2025-10-28T05:47:28.397Z"}}, {"model": "maths.question", "pk": 13, "fields": {"level": 5, "question_text": "Calculate the area.", "question_type": "multiple_choice", "difficulty": 1, "points": 1, "explanation": "", "image": "questions/year5/measurements/image13.png", "created_at": "2025-10-28T05:47:28.428Z", "updated_at": "2025-10-28T05:47:28.428Z"}}, {"model": "maths.question", "pk": 14, "fields": {"level": 5, "question_text": "Calculate the area.", "question_type": "multiple_choice", "difficulty": 1, "points": 1, "explanation": "", "image": "questions/year5/measurements/image14.png", "created_at": "2025-10-28T05:47:28.454Z", "updated_at": "2025-10-28T05:47:28.454Z"}}, {"model": "maths.question", "pk": 15, "fields": {"level": 5, "question_text": "Calculate the area.", "question_type": "multiple_choice", "difficulty": 1, "points": 1, "explanation": "", "image": "questions/year5/measurements/image15.png", "created_at": "2025-10-28T05:47:28.484Z", "updated_at": "2025-10-28T05:47:28.484Z"}}, {"model": "maths.question", "pk": 16, "fields": {"level": 5, "question_text": "Calculate the area.", "question_type": "multiple_choice", "difficulty": 1, "points": 1, "explanation": "", "image": "questions/year5/measurements/image16.png", "created_at": "2025-10-28T05:47:28.511Z", "updated_at": "2025-10-28T05:47:28.511Z"}}, {"model": "maths.question", "pk": 17, "fields": {"level": 5, "question_text": "Calculate the area.", "question_type": "multiple_choice", "difficulty": 1, "points": 1, "explanation": "", "image": "questions/year5/measurements/image17.png", "created_at": "2025-10-28T05:47:28.538Z", "updated_at": "2025-10-28T05:47:28.538Z"}}, {"model": "maths.question", "pk": 18, "fields": {"level": 5, "question_text": "What is the height of the tide at 3:00 p.m. in the afternoon?", "question_type": "multiple_choice", "difficulty": 1, "points": 1, "explanation": "", "image": "questions/year5/measurements/image.png", "created_at": "2025-10-28T05:47:28.566Z", "updated_at": "2025-10-28T05:47:28.566Z"}}, {"model": "maths.question", "pk": 19, "fields": {"level": 5, "question_text": "How many hours did it take for the tide to change from its lowest level to its highest level?", "question_type": "multiple_choice", "difficulty": 1, "points": 1, "explanation": "", "image": "questions/year5/measurements/image.png", "created_at": "2025-10-28T05:47:28.594Z", "updated_at": "2025-10-28T05:47:28.594Z"}}, {"model": "maths.question", "pk": 20, "fields": {"level": 5, "question_text": "What is the height of the tide at 7:00 p.m.?", "question_type": "multiple_choice", "difficulty": 1, "points": 1, "explanation": "", "image": "questions/year5/measurements/image.png", "created_at": "2025-10-28T05:47:28.621Z", "updated_at": "2025-10-28T05:47:28.621Z"}}, {"model": "maths.question", "pk": 21, "fields": {"level": 5, "question_text": "By how many metres did the tide level change between 2:00 p.m. and 8:00 p.m.?", "question_type": "multiple_choice", "difficulty": 1, "points": 1, "explanation": "", "image": "questions/year5/measurements/image.png", "created_at": "2025-10-28T05:47:28.651Z", "updated_at": "2025-10-28T05:47:28.651Z"}}, {"model": "maths.question", "pk": 22, "fields": {"level": 5, "question_text": "By how many metres did the tide level change between 8:00 p.m. and 11:00 p.m.?", "question_type": "multiple_choice", "difficulty": 1, "points": 1, "explanation": "", "image": "questions/year5/measurements/image.png", "created_at": "2025-10-28T05:47:28.684Z", "updated_at": "2025-10-28T05:47:28.684Z"}}, {"model": "maths.question", "pk": 23, "fields": {"level": 2, "question_text": "What is the length of the pencil?\n\n[Choose the best estimate]", "question_type": "multiple_choice", "difficulty": 1, "points": 1, "explanation": "", "image": "", "created_at": "2025-10-28T05:53:04.272Z", "updated_at": "2025-10-28T05:53:04.272Z"}}, {"model": "maths.question", "pk": 24, "fields": {"level": 2, "question_text": "Which is the shortest?\n\nA) Your finger\nB) A spoon\nC) A book\nD) A door", "question_type": "multiple_choice", "difficulty": 1, "points": 1, "explanation": "", "image": "", "created_at": "2025-10-28T05:53:04.330Z", "updated_at": "2025-10-28T05:53:04.330Z"}}, {"model": "maths.question", "pk": 25, "fields": {"level": 2, "question_text": "How many centimetres are in 1 metre?", "question_type": "multiple_choice", "difficulty": 1, "points": 1, "explanation": "", "image": "", "created_at": "2025-10-28T05:53:04.361Z", "updated_at": "2025-10-28T05:53:04.361Z"}}, {"model": "maths.question", "pk": 26, "fields": {"level": 2, "question_text": "What would you use to measure the length of your desk?\n\nA) A ruler\nB) A thermometer\nC) A clock\nD) A scale", "question_type": "multiple_choice", "difficulty": 1, "points": 1, "explanation": "", "image": "", "created_at": "2025-10-28T05:53:04.390Z", "updated_at": "2025-10-28T05:53:04.391Z"}}, {"model": "maths.question", "pk": 27, "fields": {"level": 2, "question_text": "If a pencil is 12 cm long and you cut off 4 cm, how much is left?", "question_type": "multiple_choice", "difficulty": 1, "points": 1, "explanation": "", "image": "", "created_at": "2025-10-28T05:53:04.419Z", "updated_at": "2025-10-28T05:53:04.419Z"}}, {"model": "maths.question", "pk": 28, "fields": {"level": 2, "question_text": "Which would be about 1 metre long?\n\nA) Your thumb\nB) A book\nC) Your arm span\nD) A car", "question_type": "multiple_choice", "difficulty": 1, "points": 1, "explanation": "", "image": "", "created_at": "2025-10-28T05:53:04.450Z", "updated_at": "2025-10-28T05:53:04.450Z"}}, {"model": "maths.question", "pk": 29, "fields": {"level": 2, "question_text": "What is the longest?\n\nA) A paperclip (3 cm)\nB) A pencil (15 cm)\nC) A pen (12 cm)\nD) A straw (20 cm)", "question_type": "multiple_choice", "difficulty": 1, "points": 1, "explanation": "", "image": "", "created_at": "2025-10-28T05:53:04.479Z", "updated_at": "2025-10-28T05:53:04.479Z"}}, {"model": "maths.question", "pk": 30, "fields": {"level": 2, "question_text": "Estimate: How long is a typical toothbrush?\n\nA) 10 cm\nB) 20 cm\nC) 30 cm\nD) 40 cm", "question_type": "multiple_choice", "difficulty": 1, "points": 1, "explanation": "", "image": "", "created_at": "2025-10-28T05:53:04.506Z", "updated_at": "2025-10-28T05:53:04.506Z"}}, {"model": "maths.question", "pk": 31, "fields": {"level": 2, "question_text": "Which measurement would you use to measure how tall your friend is?\n\nA) cm\nB) m\nC) g\nD) kg", "question_type": "multiple_choice", "difficulty": 1, "points": 1, "explanation": "", "image": "", "created_at": "2025-10-28T05:53:04.530Z", "updated_at": "2025-10-28T05:53:04.530Z"}}, {"model": "maths.question", "pk": 32, "fields": {"level": 2, "question_text": "A rope is 10 metres long. Another rope is 15 metres long. What is the total length?", "question_type": "multiple_choice", "difficulty": 1, "points": 1, "explanation": "", "image": "", "created_at": "2025-10-28T05:53:04.557Z", "updated_at": "2025-10-28T05:53:04.557Z"}}, {"model": "maths.question", "pk": 33, "fields": {"level": 3, "question_text": "How many centimetres are in half a metre?", "question_type": "multiple_choice", "difficulty": 1, "points": 1, "explanation": "", "image": "", "created_at": "2025-10-28T05:53:45.593Z", "updated_at": "2025-10-28T05:53:45.593Z"}}, {"model": "maths.question", "pk": 34, "fields": {"level": 3, "question_text": "If you have a ribbon that is 1 metre long and you cut 30 cm off, how much is left?", "question_type": "multiple_choice", "difficulty": 1, "points": 1, "explanation": "", "image": "", "created_at": "2025-10-28T05:53:45.681Z", "updated_at": "2025-10-28T05:53:45.681Z"}}, {"model": "maths.question", "pk": 35, "fields": {"level": 3, "question_text": "Which is the heaviest?\n\nA) A feather\nB) A book\nC) A car\nD) A ball", "question_type": "multiple_choice", "difficulty": 1, "points": 1, "explanation": "", "image": "", "created_at": "2025-10-28T05:53:45.715Z", "updated_at": "2025-10-28T05:53:45.715Z"}}, {"model": "maths.question", "pk": 36, "fields": {"level": 3, "question_text": "A water bottle holds 500 ml. How many millilitres are in 1 litre?", "question_type": "multiple_choice", "difficulty": 1, "points": 1, "explanation": "", "image": "", "created_at": "2025-10-28T05:53:45.741Z", "updated_at": "2025-10-28T05:53:45.741Z"}}, {"model": "maths.question", "pk": 37, "fields": {"level": 3, "question_text": "Estimate: How tall is a typical 8-year-old child?", "question_type": "multiple_choice", "difficulty": 1, "points": 1, "explanation": "", "image": "", "created_at": "2025-10-28T05:53:45.767Z", "updated_at": "2025-10-28T05:53:45.767Z"}}, {"model": "maths.question", "pk": 38, "fields": {"level": 3, "question_text": "Which holds the most water?\n\nA) A teaspoon (5 ml)\nB) A glass (250 ml)\nC) A jug (1000 ml)\nD) A bucket (10 litres)", "question_type": "multiple_choice", "difficulty": 1, "points": 1, "explanation": "", "image": "", "created_at": "2025-10-28T05:53:45.799Z", "updated_at": "2025-10-28T05:53:45.799Z"}}, {"model": "maths.question", "pk": 39, "fields": {"level": 3, "question_text": "Which unit would you use to measure the weight of an apple?", "question_type": "multiple_choice", "difficulty": 1, "points": 1, "explanation": "", "image": "", "created_at": "2025-10-28T05:53:45.822Z", "updated_at": "2025-10-28T05:53:45.822Z"}}, {"model": "maths.question", "pk": 40, "fields": {"level": 3, "question_text": "A box is 40 cm long, 20 cm wide, and 30 cm tall. What is the approximate height?", "question_type": "multiple_choice", "difficulty": 1, "points": 1, "explanation": "", "image": "", "created_at": "2025-10-28T05:53:45.868Z", "updated_at": "2025-10-28T05:53:45.868Z"}}, {"model": "maths.question", "pk": 41, "fields": {"level": 3, "question_text": "If you measure something using your hand span and get 3 hand spans, approximately how many centimetres is that?", "question_type": "multiple_choice", "difficulty": 1, "points": 1, "explanation": "", "image": "", "created_at": "2025-10-28T05:53:45.893Z", "updated_at": "2025-10-28T05:53:45.893Z"}}, {"model": "maths.question", "pk": 42, "fields": {"level": 3, "question_text": "Which is the lightest?\n\nA) An elephant\nB) A dog\nC) A pencil\nD) A car", "question_type": "multiple_choice", "difficulty": 1, "points": 1, "explanation": "", "image": "", "created_at": "2025-10-28T05:53:45.925Z", "updated_at": "2025-10-28T05:53:45.925Z"}}, {"model": "maths.question", "pk": 43, "fields": {"level": 3, "question_text": "How many millimetres are in 5 centimetres?", "question_type": "multiple_choice", "difficulty": 1, "points": 1, "explanation": "", "image": "", "created_at": "2025-10-28T05:53:45.953Z", "updated_at": "2025-10-28T05:53:45.953Z"}}, {"model": "maths.question", "pk": 44, "fields": {"level": 3, "question_text": "Estimate: How long would it take to walk 1 kilometre?\n\nA) 10 minutes\nB) 15 minutes\nC) 30 minutes\nD) 1 hour", "question_type": "multiple_choice", "difficulty": 1, "points": 1, "explanation": "", "image": "", "created_at": "2025-10-28T05:53:45.990Z", "updated_at": "2025-10-28T05:53:45.990Z"}}, {"model": "maths.question", "pk": 45, "fields": {"level": 6, "question_text": "Which metric unit would be most appropriate for measuring the height of a classroom?", "question_type": "multiple_choice", "difficulty": 3, "points": 2, "explanation": "The height of a classroom is typically a few meters tall, so meters is the most appropriate unit.", "image": "", "created_at": "2025-10-28T09:40:38.044Z", "updated_at": "2025-10-28T09:40:38.044Z"}}, {"model": "maths.question", "pk": 46, "fields": {"level": 6, "question_text": "Which metric unit would be most appropriate for measuring the distance around the school?", "question_type": "multiple_choice", "difficulty": 3, "points": 2, "explanation": "The distance around a school perimeter is typically measured in kilometers.", "image": "", "created_at": "2025-10-28T09:40:38.079Z", "updated_at": "2025-10-28T09:40:38.079Z"}}, {"model": "maths.question", "pk": 47, "fields": {"level": 6, "question_text": "Which metric unit would be most appropriate for measuring the length of a pencil?", "question_type": "multiple_choice", "difficulty": 3, "points": 2, "explanation": "A pencil is about 15-18 cm long, so centimeters is the most appropriate unit.", "image": "", "created_at": "2025-10-28T09:40:38.104Z", "updated_at": "2025-10-28T09:40:38.104Z"}}, {"model": "maths.question", "pk": 48, "fields": {"level": 6, "question_text": "Which metric unit would be most appropriate for measuring the width of a fingernail?", "question_type": "multiple_choice", "difficulty": 3, "points": 2, "explanation": "A fingernail is about 1 cm wide, so millimeters would give the most precise measurement.", "image": "", "created_at": "2025-10-28T09:40:38.125Z", "updated_at": "2025-10-28T09:40:38.125Z"}}, {"model": "maths.question", "pk": 49, "fields": {"level": 6, "question_text": "Which metric unit would be most appropriate for measuring the distance between two cities?", "question_type": "multiple_choice", "difficulty": 3, "points": 2, "explanation": "Distances between cities are measured in kilometers.", "image": "", "created_at": "2025-10-28T09:40:38.147Z", "updated_at": "2025-10-28T09:40:38.147Z"}}, {"model": "maths.question", "pk": 50, "fields": {"level": 6, "question_text": "Which metric unit would be most appropriate for measuring the length of a ruler?", "question_type": "multiple_choice", "difficulty": 3, "points": 2, "explanation": "A ruler is 30 cm long, so centimeters is the appropriate unit.", "image": "", "created_at": "2025-10-28T09:40:38.171Z", "updated_at": "2025-10-28T09:40:38.171Z"}}, {"model": "maths.question", "pk": 51, "fields": {"level": 6, "question_text": "Convert 5 meters to centimeters.", "question_type": "multiple_choice", "difficulty": 3, "points": 2, "explanation": "1 meter = 100 centimeters, so 5 meters = 5 × 100 = 500 cm", "image": "", "created_at": "2025-10-28T09:40:38.193Z", "updated_at": "2025-10-28T09:40:38.193Z"}}, {"model": "maths.question", "pk": 52, "fields": {"level": 6, "question_text": "Convert 86000 centimeters to kilometers.", "question_type": "multiple_choice", "difficulty": 3, "points": 2, "explanation": "1 km = 100000 cm, so 86000 cm ÷ 100000 = 0.86 km", "image": "", "created_at": "2025-10-28T09:40:38.214Z", "updated_at": "2025-10-28T09:40:38.214Z"}}, {"model": "maths.question", "pk": 53, "fields": {"level": 6, "question_text": "Convert 6.5 meters to millimeters.", "question_type": "multiple_choice", "difficulty": 3, "points": 2, "explanation": "1 meter = 1000 millimeters, so 6.5 meters = 6.5 × 1000 = 6500 mm", "image": "", "created_at": "2025-10-28T09:40:38.237Z", "updated_at": "2025-10-28T09:40:38.237Z"}}, {"model": "maths.question", "pk": 54, "fields": {"level": 6, "question_text": "Convert 600000 millimeters to kilometers.", "question_type": "multiple_choice", "difficulty": 3, "points": 2, "explanation": "1 km = 1000000 mm, so 600000 mm ÷ 1000000 = 0.6 km", "image": "", "created_at": "2025-10-28T09:40:38.261Z", "updated_at": "2025-10-28T09:40:38.261Z"}}, {"model": "maths.question", "pk": 55, "fields": {"level": 6, "question_text": "Convert 3 kilometers to meters.", "question_type": "multiple_choice", "difficulty": 3, "points": 2, "explanation": "1 kilometer = 1000 meters, so 3 kilometers = 3 × 1000 = 3000 m", "image": "", "created_at": "2025-10-28T09:40:38.282Z", "updated_at": "2025-10-28T09:40:38.282Z"}}, {"model": "maths.question", "pk": 56, "fields": {"level": 6, "question_text": "Convert 450 centimeters to meters.", "question_type": "multiple_choice", "difficulty": 3, "points": 2, "explanation": "1 meter = 100 centimeters, so 450 cm ÷ 100 = 4.5 m", "image": "", "created_at": "2025-10-28T09:40:38.306Z", "updated_at": "2025-10-28T09:40:38.306Z"}}, {"model": "maths.question", "pk": 57, "fields": {"level": 6, "question_text": "Convert 2.8 kilometers to meters.", "question_type": "multiple_choice", "difficulty": 3, "points": 2, "explanation": "1 km = 1000 m, so 2.8 km = 2.8 × 1000 = 2800 m", "image": "", "created_at": "2025-10-28T09:40:38.326Z", "updated_at": "2025-10-28T09:40:38.326Z"}}, {"model": "maths.question", "pk": 58, "fields": {"level": 6, "question_text": "Convert 7500 millimeters to centimeters.", "question_type": "multiple_choice", "difficulty": 3, "points": 2, "explanation": "1 cm = 10 mm, so 7500 mm ÷ 10 = 750 cm", "image": "", "created_at": "2025-10-28T09:40:38.349Z", "updated_at": "2025-10-28T09:40:38.349Z"}}, {"model": "maths.question", "pk": 59, "fields": {"level": 6, "question_text": "Convert 9.3 centimeters to millimeters.", "question_type": "multiple_choice", "difficulty": 3, "points": 2, "explanation": "1 cm = 10 mm, so 9.3 cm × 10 = 93 mm", "image": "", "created_at": "2025-10-28T09:40:38.373Z", "updated_at": "2025-10-28T09:40:38.373Z"}}, {"model": "maths.question", "pk": 60, "fields": {"level": 6, "question_text": "Convert 1.5 meters to millimeters.", "question_type": "multiple_choice", "difficulty": 3, "points": 2, "explanation": "1 m = 1000 mm, so 1.5 m = 1.5 × 1000 = 1500 mm", "image": "", "created_at": "2025-10-28T09:40:38.395Z", "updated_at": "2025-10-28T09:40:38.395Z"}}, {"model": "maths.question", "pk": 61, "fields": {"level": 6, "question_text": "Which metric unit would be most appropriate for measuring the height of a classroom?", "question_type": "multiple_choice", "difficulty": 3, "points": 2, "explanation": "The height of a classroom is typically a few meters tall, so meters is the most appropriate unit.", "image": "", "created_at": "2025-10-28T09:44:58.785Z", "updated_at": "2025-10-28T09:44:58.786Z"}}, {"model": "maths.question", "pk": 62, "fields": {"level": 6, "question_text": "Which metric unit would be most appropriate for measuring the distance around the school?", "question_type": "multiple_choice", "difficulty": 3, "points": 2, "explanation": "The distance around a school perimeter is typically measured in kilometers.", "image": "", "created_at": "2025-10-28T09:44:58.822Z", "updated_at": "2025-10-28T09:44:58.822Z"}}, {"model": "maths.question", "pk": 63, "fields": {"level": 6, "question_text": "Which metric unit would be most appropriate for measuring the length of a pencil?", "question_type": "multiple_choice", "difficulty": 3, "points": 2, "explanation": "A pencil is about 15-18 cm long, so centimeters is the most appropriate unit.", "image": "", "created_at": "2025-10-28T09:44:58.843Z", "updated_at": "2025-10-28T09:44:58.843Z"}}, {"model": "maths.question", "pk": 64, "fields": {"level": 6, "question_text": "Which metric unit would be most appropriate for measuring the width of a fingernail?", "question_type": "multiple_choice", "difficulty": 3, "points": 2, "explanation": "A fingernail is about 1 cm wide, so millimeters would give the most precise measurement.", "image": "", "created_at": "2025-10-28T09:44:58.867Z", "updated_at": "2025-10-28T09:44:58.867Z"}}, {"model": "maths.question", "pk": 65, "fields": {"level": 6, "question_text": "Which metric unit would be most appropriate for measuring the distance between two cities?", "question_type": "multiple_choice", "difficulty": 3, "points": 2, "explanation": "Distances between cities are measured in kilometers.", "image": "", "created_at": "2025-10-28T09:44:58.888Z", "updated_at": "2025-10-28T09:44:58.888Z"}}, {"model": "maths.question", "pk": 66, "fields": {"level": 6, "question_text": "Which metric unit would be most appropriate for measuring the length of a ruler?", "question_type": "multiple_choice", "difficulty": 3, "points": 2, "explanation": "A ruler is 30 cm long, so centimeters is the appropriate unit.", "image": "", "created_at": "2025-10-28T09:44:58.907Z", "updated_at": "2025-10-28T09:44:58.908Z"}}, {"model": "maths.question", "pk": 67, "fields": {"level": 6, "question_text": "Convert 5 meters to centimeters.", "question_type": "multiple_choice", "difficulty": 3, "points": 2, "explanation": "1 meter = 100 centimeters, so 5 meters = 5 × 100 = 500 cm", "image": "", "created_at": "2025-10-28T09:44:58.932Z", "updated_at": "2025-10-28T09:44:58.932Z"}}, {"model": "maths.question", "pk": 68, "fields": {"level": 6, "question_text": "Convert 86000 centimeters to kilometers.", "question_type": "multiple_choice", "difficulty": 3, "points": 2, "explanation": "1 km = 100000 cm, so 86000 cm ÷ 100000 = 0.86 km", "image": "", "created_at": "2025-10-28T09:44:58.954Z", "updated_at": "2025-10-28T09:44:58.954Z"}}, {"model": "maths.question", "pk": 69, "fields": {"level": 6, "question_text": "Convert 6.5 meters to millimeters.", "question_type": "multiple_choice", "difficulty": 3, "points": 2, "explanation": "1 meter = 1000 millimeters, so 6.5 meters = 6.5 × 1000 = 6500 mm", "image": "", "created_at": "2025-10-28T09:44:58.973Z", "updated_at": "2025-10-28T09:44:58.973Z"}}, {"model": "maths.question", "pk": 70, "fields": {"level": 6, "question_text": "Convert 600000 millimeters to kilometers.", "question_type": "multiple_choice", "difficulty": 3, "points": 2, "explanation": "1 km = 1000000 mm, so 600000 mm ÷ 1000000 = 0.6 km", "image": "", "created_at": "2025-10-28T09:44:58.994Z", "updated_at": "2025-10-28T09:44:58.994Z"}}, {"model": "maths.question", "pk": 71, "fields": {"level": 6, "question_text": "Convert 3 kilometers to meters.", "question_type": "multiple_choice", "difficulty": 3, "points": 2, "explanation": "1 kilometer = 1000 meters, so 3 kilometers = 3 × 1000 = 3000 m", "image": "", "created_at": "2025-10-28T09:44:59.022Z", "updated_at": "2025-10-28T09:44:59.022Z"}}, {"model": "maths.question", "pk": 72, "fields": {"level": 6, "question_text": "Convert 450 centimeters to meters.", "question_type": "multiple_choice", "difficulty": 3, "points": 2, "explanation": "1 meter = 100 centimeters, so 450 cm ÷ 100 = 4.5 m", "image": "", "created_at": "2025-10-28T09:44:59.044Z", "updated_at": "2025-10-28T09:44:59.044Z"}}, {"model": "maths.question", "pk": 73, "fields": {"level": 6, "question_text": "Convert 2.8 kilometers to meters.", "question_type": "multiple_choice", "difficulty": 3, "points": 2, "explanation": "1 km = 1000 m, so 2.8 km = 2.8 × 1000 = 2800 m", "image": "", "created_at": "2025-10-28T09:44:59.065Z", "updated_at": "2025-10-28T09:44:59.065Z"}}, {"model": "maths.question", "pk": 74, "fields": {"level": 6, "question_text": "Convert 7500 millimeters to centimeters.", "question_type": "multiple_choice", "difficulty": 3, "points": 2, "explanation": "1 cm = 10 mm, so 7500 mm ÷ 10 = 750 cm", "image": "", "created_at": "2025-10-28T09:44:59.086Z", "updated_at": "2025-10-28T09:44:59.086Z"}}, {"model": "maths.question", "pk": 75, "fields": {"level": 6, "question_text": "Convert 9.3 centimeters to millimeters.", "question_type": "multiple_choice", "difficulty": 3, "points": 2, "explanation": "1 cm = 10 mm, so 9.3 cm × 10 = 93 mm", "image": "", "created_at": "2025-10-28T09:44:59.107Z", "updated_at": "2025-10-28T09:44:59.107Z"}}, {"model": "maths.question", "pk": 76, "fields": {"level": 6, "question_text": "Convert 1.5 meters to millimeters.", "question_type": "multiple_choice", "difficulty": 3, "points": 2, "explanation": "1 m = 1000 mm, so 1.5 m = 1.5 × 1000 = 1500 mm", "image": "", "created_at": "2025-10-28T09:44:59.131Z", "updated_at": "2025-10-28T09:44:59.131Z"}}, {"model": "maths.question", "pk": 77, "fields": {"level": 6, "question_text": "Read the scale on this ruler to measure the marked length.", "question_type": "multiple_choice", "difficulty": 3, "points": 2, "explanation": "The arrow starts at 0 cm and ends at the 7th millimeter mark after 2 cm, which is 2.7 cm.", "image": "questions/year6/measurements/image1.png", "created_at": "2025-10-28T09:50:07.086Z", "updated_at": "2025-10-28T09:50:07.086Z"}}, {"model": "maths.question", "pk": 78, "fields": {"level": 6, "question_text": "Read the scales on this ruler to measure the marked length.", "question_type": "multiple_choice", "difficulty": 3, "points": 2, "explanation": "The arrow starts at 5.5 m and ends at 7 m, so the length is 7 - 5.5 = 1.5 m.", "image": "questions/year6/measurements/image2.png", "created_at": "2025-10-28T09:50:07.118Z", "updated_at": "2025-10-28T09:50:07.118Z"}}, {"model": "maths.answer", "pk": 1, "fields": {"question": 1, "answer_text": "2cm", "is_correct": true, "order": 0}}, {"model": "maths.answer", "pk": 2, "fields": {"question": 1, "answer_text": "3cm", "is_correct": false, "order": 1}}, {"model": "maths.answer", "pk": 3, "fields": {"question": 1, "answer_text": "4cm", "is_correct": false, "order": 2}}, {"model": "maths.answer", "pk": 4, "fields": {"question": 1, "answer_text": "5cm", "is_correct": false, "order": 3}}, {"model": "maths.answer", "pk": 5, "fields": {"question": 2, "answer_text": "2cm", "is_correct": false, "order": 0}}, {"model": "maths.answer", "pk": 6, "fields": {"question": 2, "answer_text": "3cm", "is_correct": false, "order": 1}}, {"model": "maths.answer", "pk": 7, "fields": {"question": 2, "answer_text": "4cm", "is_correct": false, "order": 2}}, {"model": "maths.answer", "pk": 8, "fields": {"question": 2, "answer_text": "5cm", "is_correct": true, "order": 3}}, {"model": "maths.answer", "pk": 9, "fields": {"question": 3, "answer_text": "32cm", "is_correct": true, "order": 0}}, {"model": "maths.answer", "pk": 10, "fields": {"question": 3, "answer_text": "27cm", "is_correct": false, "order": 1}}, {"model": "maths.answer", "pk": 11, "fields": {"question": 3, "answer_text": "30cm", "is_correct": false, "order": 2}}, {"model": "maths.answer", "pk": 12, "fields": {"question": 3, "answer_text": "35cm", "is_correct": false, "order": 3}}, {"model": "maths.answer", "pk": 13, "fields": {"question": 4, "answer_text": "5cm", "is_correct": false, "order": 0}}, {"model": "maths.answer", "pk": 14, "fields": {"question": 4, "answer_text": "4cm", "is_correct": false, "order": 1}}, {"model": "maths.answer", "pk": 15, "fields": {"question": 4, "answer_text": "6cm", "is_correct": true, "order": 2}}, {"model": "maths.answer", "pk": 16, "fields": {"question": 4, "answer_text": "3cm", "is_correct": false, "order": 3}}, {"model": "maths.answer", "pk": 17, "fields": {"question": 5, "answer_text": "2cm", "is_correct": true, "order": 0}}, {"model": "maths.answer", "pk": 18, "fields": {"question": 5, "answer_text": "1cm", "is_correct": false, "order": 1}}, {"model": "maths.answer", "pk": 19, "fields": {"question": 5, "answer_text": "3cm", "is_correct": false, "order": 2}}, {"model": "maths.answer", "pk": 20, "fields": {"question": 5, "answer_text": "4cm", "is_correct": false, "order": 3}}, {"model": "maths.answer", "pk": 21, "fields": {"question": 6, "answer_text": "49", "is_correct": true, "order": 0}}, {"model": "maths.answer", "pk": 22, "fields": {"question": 6, "answer_text": "48", "is_correct": false, "order": 1}}, {"model": "maths.answer", "pk": 23, "fields": {"question": 6, "answer_text": "50", "is_correct": false, "order": 2}}, {"model": "maths.answer", "pk": 24, "fields": {"question": 6, "answer_text": "47", "is_correct": false, "order": 3}}, {"model": "maths.answer", "pk": 25, "fields": {"question": 7, "answer_text": "35", "is_correct": true, "order": 0}}, {"model": "maths.answer", "pk": 26, "fields": {"question": 7, "answer_text": "34", "is_correct": false, "order": 1}}, {"model": "maths.answer", "pk": 27, "fields": {"question": 7, "answer_text": "36", "is_correct": false, "order": 2}}, {"model": "maths.answer", "pk": 28, "fields": {"question": 7, "answer_text": "33", "is_correct": false, "order": 3}}, {"model": "maths.answer", "pk": 29, "fields": {"question": 8, "answer_text": "5", "is_correct": true, "order": 0}}, {"model": "maths.answer", "pk": 30, "fields": {"question": 8, "answer_text": "6", "is_correct": false, "order": 1}}, {"model": "maths.answer", "pk": 31, "fields": {"question": 8, "answer_text": "4", "is_correct": false, "order": 2}}, {"model": "maths.answer", "pk": 32, "fields": {"question": 8, "answer_text": "7", "is_correct": false, "order": 3}}, {"model": "maths.answer", "pk": 33, "fields": {"question": 9, "answer_text": "12", "is_correct": true, "order": 0}}, {"model": "maths.answer", "pk": 34, "fields": {"question": 9, "answer_text": "11", "is_correct": false, "order": 1}}, {"model": "maths.answer", "pk": 35, "fields": {"question": 9, "answer_text": "13", "is_correct": false, "order": 2}}, {"model": "maths.answer", "pk": 36, "fields": {"question": 9, "answer_text": "10", "is_correct": false, "order": 3}}, {"model": "maths.answer", "pk": 37, "fields": {"question": 10, "answer_text": "16", "is_correct": true, "order": 0}}, {"model": "maths.answer", "pk": 38, "fields": {"question": 10, "answer_text": "15", "is_correct": false, "order": 1}}, {"model": "maths.answer", "pk": 39, "fields": {"question": 10, "answer_text": "17", "is_correct": false, "order": 2}}, {"model": "maths.answer", "pk": 40, "fields": {"question": 10, "answer_text": "14", "is_correct": false, "order": 3}}, {"model": "maths.answer", "pk": 41, "fields": {"question": 11, "answer_text": "15", "is_correct": true, "order": 0}}, {"model": "maths.answer", "pk": 42, "fields": {"question": 11, "answer_text": "14", "is_correct": false, "order": 1}}, {"model": "maths.answer", "pk": 43, "fields": {"question": 11, "answer_text": "16", "is_correct": false, "order": 2}}, {"model": "maths.answer", "pk": 44, "fields": {"question": 11, "answer_text": "13", "is_correct": false, "order": 3}}, {"model": "maths.answer", "pk": 45, "fields": {"question": 12, "answer_text": "36", "is_correct": true, "order": 0}}, {"model": "maths.answer", "pk": 46, "fields": {"question": 12, "answer_text": "35", "is_correct": false, "order": 1}}, {"model": "maths.answer", "pk": 47, "fields": {"question": 12, "answer_text": "37", "is_correct": false, "order": 2}}, {"model": "maths.answer", "pk": 48, "fields": {"question": 12, "answer_text": "34", "is_correct": false, "order": 3}}, {"model": "maths.answer", "pk": 49, "fields": {"question": 13, "answer_text": "45", "is_correct": true, "order": 0}}, {"model": "maths.answer", "pk": 50, "fields": {"question": 13, "answer_text": "44", "is_correct": false, "order": 1}}, {"model": "maths.answer", "pk": 51, "fields": {"question": 13, "answer_text": "46", "is_correct": false, "order": 2}}, {"model": "maths.answer", "pk": 52, "fields": {"question": 13, "answer_text": "43", "is_correct": false, "order": 3}}, {"model": "maths.answer", "pk": 53, "fields": {"question": 14, "answer_text": "120", "is_correct": true, "order": 0}}, {"model": "maths.answer", "pk": 54, "fields": {"question": 14, "answer_text": "119", "is_correct": false, "order": 1}}, {"model": "maths.answer", "pk": 55, "fields": {"question": 14, "answer_text": "121", "is_correct": false, "order": 2}}, {"model": "maths.answer", "pk": 56, "fields": {"question": 14, "answer_text": "118", "is_correct": false, "order": 3}}, {"model": "maths.answer", "pk": 57, "fields": {"question": 15, "answer_text": "44", "is_correct": true, "order": 0}}, {"model": "maths.answer", "pk": 58, "fields": {"question": 15, "answer_text": "43", "is_correct": false, "order": 1}}, {"model": "maths.answer", "pk": 59, "fields": {"question": 15, "answer_text": "45", "is_correct": false, "order": 2}}, {"model": "maths.answer", "pk": 60, "fields": {"question": 15, "answer_text": "42", "is_correct": false, "order": 3}}, {"model": "maths.answer", "pk": 61, "fields": {"question": 16, "answer_text": "32", "is_correct": true, "order": 0}}, {"model": "maths.answer", "pk": 62, "fields": {"question": 16, "answer_text": "31", "is_correct": false, "order": 1}}, {"model": "maths.answer", "pk": 63, "fields": {"question": 16, "answer_text": "33", "is_correct": false, "order": 2}}, {"model": "maths.answer", "pk": 64, "fields": {"question": 16, "answer_text": "30", "is_correct": false, "order": 3}}, {"model": "maths.answer", "pk": 65, "fields": {"question": 17, "answer_text": "81", "is_correct": true, "order": 0}}, {"model": "maths.answer", "pk": 66, "fields": {"question": 17, "answer_text": "80", "is_correct": false, "order": 1}}, {"model": "maths.answer", "pk": 67, "fields": {"question": 17, "answer_text": "82", "is_correct": false, "order": 2}}, {"model": "maths.answer", "pk": 68, "fields": {"question": 17, "answer_text": "79", "is_correct": false, "order": 3}}, {"model": "maths.answer", "pk": 69, "fields": {"question": 18, "answer_text": "1.2 meters", "is_correct": false, "order": 0}}, {"model": "maths.answer", "pk": 70, "fields": {"question": 18, "answer_text": "2.1 meters", "is_correct": false, "order": 1}}, {"model": "maths.answer", "pk": 71, "fields": {"question": 18, "answer_text": "1.5 meters", "is_correct": false, "order": 2}}, {"model": "maths.answer", "pk": 72, "fields": {"question": 18, "answer_text": "0.9 meters", "is_correct": false, "order": 3}}, {"model": "maths.answer", "pk": 73, "fields": {"question": 19, "answer_text": "6", "is_correct": true, "order": 0}}, {"model": "maths.answer", "pk": 74, "fields": {"question": 19, "answer_text": "5", "is_correct": false, "order": 1}}, {"model": "maths.answer", "pk": 75, "fields": {"question": 19, "answer_text": "7", "is_correct": false, "order": 2}}, {"model": "maths.answer", "pk": 76, "fields": {"question": 19, "answer_text": "8", "is_correct": false, "order": 3}}, {"model": "maths.answer", "pk": 77, "fields": {"question": 20, "answer_text": "3.4", "is_correct": true, "order": 0}}, {"model": "maths.answer", "pk": 78, "fields": {"question": 20, "answer_text": "3.5", "is_correct": false, "order": 1}}, {"model": "maths.answer", "pk": 79, "fields": {"question": 20, "answer_text": "3.3", "is_correct": false, "order": 2}}, {"model": "maths.answer", "pk": 80, "fields": {"question": 20, "answer_text": "3.6", "is_correct": false, "order": 3}}, {"model": "maths.answer", "pk": 81, "fields": {"question": 21, "answer_text": "2.3", "is_correct": false, "order": 0}}, {"model": "maths.answer", "pk": 82, "fields": {"question": 21, "answer_text": "2.1", "is_correct": false, "order": 1}}, {"model": "maths.answer", "pk": 83, "fields": {"question": 21, "answer_text": "3.0", "is_correct": false, "order": 2}}, {"model": "maths.answer", "pk": 84, "fields": {"question": 21, "answer_text": "2.8", "is_correct": true, "order": 3}}, {"model": "maths.answer", "pk": 85, "fields": {"question": 22, "answer_text": "1.1", "is_correct": true, "order": 0}}, {"model": "maths.answer", "pk": 86, "fields": {"question": 22, "answer_text": "1.2", "is_correct": false, "order": 1}}, {"model": "maths.answer", "pk": 87, "fields": {"question": 22, "answer_text": "1.0", "is_correct": false, "order": 2}}, {"model": "maths.answer", "pk": 88, "fields": {"question": 22, "answer_text": "1.3", "is_correct": false, "order": 3}}, {"model": "maths.answer", "pk": 89, "fields": {"question": 23, "answer_text": "About 5 cm", "is_correct": false, "order": 0}}, {"model": "maths.answer", "pk": 90, "fields": {"question": 23, "answer_text": "About 15 cm", "is_correct": true, "order": 1}}, {"model": "maths.answer", "pk": 91, "fields": {"question": 23, "answer_text": "About 30 cm", "is_correct": false, "order": 2}}, {"model": "maths.answer", "pk": 92, "fields": {"question": 23, "answer_text": "About 50 cm", "is_correct": false, "order": 3}}, {"model": "maths.answer", "pk": 93, "fields": {"question": 24, "answer_text": "Your finger", "is_correct": true, "order": 0}}, {"model": "maths.answer", "pk": 94, "fields": {"question": 24, "answer_text": "A spoon", "is_correct": false, "order": 1}}, {"model": "maths.answer", "pk": 95, "fields": {"question": 24, "answer_text": "A book", "is_correct": false, "order": 2}}, {"model": "maths.answer", "pk": 96, "fields": {"question": 24, "answer_text": "A door", "is_correct": false, "order": 3}}, {"model": "maths.answer", "pk": 97, "fields": {"question": 25, "answer_text": "10 cm", "is_correct": false, "order": 0}}, {"model": "maths.answer", "pk": 98, "fields": {"question": 25, "answer_text": "50 cm", "is_correct": false, "order": 1}}, {"model": "maths.answer", "pk": 99, "fields": {"question": 25, "answer_text": "100 cm", "is_correct": true, "order": 2}}, {"model": "maths.answer", "pk": 100, "fields": {"question": 25, "answer_text": "1000 cm", "is_correct": false, "order": 3}}, {"model": "maths.answer", "pk": 101, "fields": {"question": 26, "answer_text": "A ruler", "is_correct": true, "order": 0}}, {"model": "maths.answer", "pk": 102, "fields": {"question": 26, "answer_text": "A thermometer", "is_correct": false, "order": 1}}, {"model": "maths.answer", "pk": 103, "fields": {"question": 26, "answer_text": "A clock", "is_correct": false, "order": 2}}, {"model": "maths.answer", "pk": 104, "fields": {"question": 26, "answer_text": "A scale", "is_correct": false, "order": 3}}, {"model": "maths.answer", "pk": 105, "fields": {"question": 27, "answer_text": "4 cm", "is_correct": false, "order": 0}}, {"model": "maths.answer", "pk": 106, "fields": {"question": 27, "answer_text": "6 cm", "is_correct": false, "order": 1}}, {"model": "maths.answer", "pk": 107, "fields": {"question": 27, "answer_text": "8 cm", "is_correct": true, "order": 2}}, {"model": "maths.answer", "pk": 108, "fields": {"question": 27, "answer_text": "16 cm", "is_correct": false, "order": 3}}, {"model": "maths.answer", "pk": 109, "fields": {"question": 28, "answer_text": "Your thumb", "is_correct": false, "order": 0}}, {"model": "maths.answer", "pk": 110, "fields": {"question": 28, "answer_text": "A book", "is_correct": false, "order": 1}}, {"model": "maths.answer", "pk": 111, "fields": {"question": 28, "answer_text": "Your arm span", "is_correct": true, "order": 2}}, {"model": "maths.answer", "pk": 112, "fields": {"question": 28, "answer_text": "A car", "is_correct": false, "order": 3}}, {"model": "maths.answer", "pk": 113, "fields": {"question": 29, "answer_text": "A paperclip (3 cm)", "is_correct": false, "order": 0}}, {"model": "maths.answer", "pk": 114, "fields": {"question": 29, "answer_text": "A pencil (15 cm)", "is_correct": false, "order": 1}}, {"model": "maths.answer", "pk": 115, "fields": {"question": 29, "answer_text": "A pen (12 cm)", "is_correct": false, "order": 2}}, {"model": "maths.answer", "pk": 116, "fields": {"question": 29, "answer_text": "A straw (20 cm)", "is_correct": true, "order": 3}}, {"model": "maths.answer", "pk": 117, "fields": {"question": 30, "answer_text": "10 cm", "is_correct": false, "order": 0}}, {"model": "maths.answer", "pk": 118, "fields": {"question": 30, "answer_text": "20 cm", "is_correct": true, "order": 1}}, {"model": "maths.answer", "pk": 119, "fields": {"question": 30, "answer_text": "30 cm", "is_correct": false, "order": 2}}, {"model": "maths.answer", "pk": 120, "fields": {"question": 30, "answer_text": "40 cm", "is_correct": false, "order": 3}}, {"model": "maths.answer", "pk": 121, "fields": {"question": 31, "answer_text": "cm", "is_correct": false, "order": 0}}, {"model": "maths.answer", "pk": 122, "fields": {"question": 31, "answer_text": "m", "is_correct": true, "order": 1}}, {"model": "maths.answer", "pk": 123, "fields": {"question": 31, "answer_text": "g", "is_correct": false, "order": 2}}, {"model": "maths.answer", "pk": 124, "fields": {"question": 31, "answer_text": "kg", "is_correct": false, "order": 3}}, {"model": "maths.answer", "pk": 125, "fields": {"question": 32, "answer_text": "20 metres", "is_correct": false, "order": 0}}, {"model": "maths.answer", "pk": 126, "fields": {"question": 32, "answer_text": "25 metres", "is_correct": true, "order": 1}}, {"model": "maths.answer", "pk": 127, "fields": {"question": 32, "answer_text": "30 metres", "is_correct": false, "order": 2}}, {"model": "maths.answer", "pk": 128, "fields": {"question": 32, "answer_text": "35 metres", "is_correct": false, "order": 3}}, {"model": "maths.answer", "pk": 129, "fields": {"question": 33, "answer_text": "25 cm", "is_correct": false, "order": 0}}, {"model": "maths.answer", "pk": 130, "fields": {"question": 33, "answer_text": "50 cm", "is_correct": true, "order": 1}}, {"model": "maths.answer", "pk": 131, "fields": {"question": 33, "answer_text": "75 cm", "is_correct": false, "order": 2}}, {"model": "maths.answer", "pk": 132, "fields": {"question": 33, "answer_text": "100 cm", "is_correct": false, "order": 3}}, {"model": "maths.answer", "pk": 133, "fields": {"question": 34, "answer_text": "60 cm", "is_correct": false, "order": 0}}, {"model": "maths.answer", "pk": 134, "fields": {"question": 34, "answer_text": "70 cm", "is_correct": true, "order": 1}}, {"model": "maths.answer", "pk": 135, "fields": {"question": 34, "answer_text": "80 cm", "is_correct": false, "order": 2}}, {"model": "maths.answer", "pk": 136, "fields": {"question": 34, "answer_text": "90 cm", "is_correct": false, "order": 3}}, {"model": "maths.answer", "pk": 137, "fields": {"question": 35, "answer_text": "A feather", "is_correct": false, "order": 0}}, {"model": "maths.answer", "pk": 138, "fields": {"question": 35, "answer_text": "A book", "is_correct": false, "order": 1}}, {"model": "maths.answer", "pk": 139, "fields": {"question": 35, "answer_text": "A car", "is_correct": true, "order": 2}}, {"model": "maths.answer", "pk": 140, "fields": {"question": 35, "answer_text": "A ball", "is_correct": false, "order": 3}}, {"model": "maths.answer", "pk": 141, "fields": {"question": 36, "answer_text": "500 ml", "is_correct": false, "order": 0}}, {"model": "maths.answer", "pk": 142, "fields": {"question": 36, "answer_text": "1000 ml", "is_correct": true, "order": 1}}, {"model": "maths.answer", "pk": 143, "fields": {"question": 36, "answer_text": "1500 ml", "is_correct": false, "order": 2}}, {"model": "maths.answer", "pk": 144, "fields": {"question": 36, "answer_text": "2000 ml", "is_correct": false, "order": 3}}, {"model": "maths.answer", "pk": 145, "fields": {"question": 37, "answer_text": "About 50 cm", "is_correct": false, "order": 0}}, {"model": "maths.answer", "pk": 146, "fields": {"question": 37, "answer_text": "About 90 cm", "is_correct": false, "order": 1}}, {"model": "maths.answer", "pk": 147, "fields": {"question": 37, "answer_text": "About 130 cm", "is_correct": true, "order": 2}}, {"model": "maths.answer", "pk": 148, "fields": {"question": 37, "answer_text": "About 200 cm", "is_correct": false, "order": 3}}, {"model": "maths.answer", "pk": 149, "fields": {"question": 38, "answer_text": "A teaspoon (5 ml)", "is_correct": false, "order": 0}}, {"model": "maths.answer", "pk": 150, "fields": {"question": 38, "answer_text": "A glass (250 ml)", "is_correct": false, "order": 1}}, {"model": "maths.answer", "pk": 151, "fields": {"question": 38, "answer_text": "A jug (1000 ml)", "is_correct": false, "order": 2}}, {"model": "maths.answer", "pk": 152, "fields": {"question": 38, "answer_text": "A bucket (10 litres)", "is_correct": true, "order": 3}}, {"model": "maths.answer", "pk": 153, "fields": {"question": 39, "answer_text": "grams", "is_correct": true, "order": 0}}, {"model": "maths.answer", "pk": 154, "fields": {"question": 39, "answer_text": "kilometres", "is_correct": false, "order": 1}}, {"model": "maths.answer", "pk": 155, "fields": {"question": 39, "answer_text": "litres", "is_correct": false, "order": 2}}, {"model": "maths.answer", "pk": 156, "fields": {"question": 39, "answer_text": "centimetres", "is_correct": false, "order": 3}}, {"model": "maths.answer", "pk": 157, "fields": {"question": 40, "answer_text": "20 cm", "is_correct": false, "order": 0}}, {"model": "maths.answer", "pk": 158, "fields": {"question": 40, "answer_text": "30 cm", "is_correct": true, "order": 1}}, {"model": "maths.answer", "pk": 159, "fields": {"question": 40, "answer_text": "40 cm", "is_correct": false, "order": 2}}, {"model": "maths.answer", "pk": 160, "fields": {"question": 40, "answer_text": "50 cm", "is_correct": false, "order": 3}}, {"model": "maths.answer", "pk": 161, "fields": {"question": 41, "answer_text": "About 30 cm", "is_correct": false, "order": 0}}, {"model": "maths.answer", "pk": 162, "fields": {"question": 41, "answer_text": "About 45 cm", "is_correct": false, "order": 1}}, {"model": "maths.answer", "pk": 163, "fields": {"question": 41, "answer_text": "About 60 cm", "is_correct": true, "order": 2}}, {"model": "maths.answer", "pk": 164, "fields": {"question": 41, "answer_text": "About 90 cm", "is_correct": false, "order": 3}}, {"model": "maths.answer", "pk": 165, "fields": {"question": 42, "answer_text": "An elephant", "is_correct": false, "order": 0}}, {"model": "maths.answer", "pk": 166, "fields": {"question": 42, "answer_text": "A dog", "is_correct": false, "order": 1}}, {"model": "maths.answer", "pk": 167, "fields": {"question": 42, "answer_text": "A pencil", "is_correct": true, "order": 2}}, {"model": "maths.answer", "pk": 168, "fields": {"question": 42, "answer_text": "A car", "is_correct": false, "order": 3}}, {"model": "maths.answer", "pk": 169, "fields": {"question": 43, "answer_text": "5 mm", "is_correct": false, "order": 0}}, {"model": "maths.answer", "pk": 170, "fields": {"question": 43, "answer_text": "25 mm", "is_correct": false, "order": 1}}, {"model": "maths.answer", "pk": 171, "fields": {"question": 43, "answer_text": "50 mm", "is_correct": true, "order": 2}}, {"model": "maths.answer", "pk": 172, "fields": {"question": 43, "answer_text": "500 mm", "is_correct": false, "order": 3}}, {"model": "maths.answer", "pk": 173, "fields": {"question": 44, "answer_text": "10 minutes", "is_correct": false, "order": 0}}, {"model": "maths.answer", "pk": 174, "fields": {"question": 44, "answer_text": "15 minutes", "is_correct": true, "order": 1}}, {"model": "maths.answer", "pk": 175, "fields": {"question": 44, "answer_text": "30 minutes", "is_correct": false, "order": 2}}, {"model": "maths.answer", "pk": 176, "fields": {"question": 44, "answer_text": "1 hour", "is_correct": false, "order": 3}}, {"model": "maths.answer", "pk": 177, "fields": {"question": 18, "answer_text": "1.8 meters", "is_correct": true, "order": 0}}, {"model": "maths.answer", "pk": 178, "fields": {"question": 45, "answer_text": "meters", "is_correct": true, "order": 0}}, {"model": "maths.answer", "pk": 179, "fields": {"question": 45, "answer_text": "centimeters", "is_correct": false, "order": 1}}, {"model": "maths.answer", "pk": 180, "fields": {"question": 45, "answer_text": "kilometers", "is_correct": false, "order": 2}}, {"model": "maths.answer", "pk": 181, "fields": {"question": 45, "answer_text": "millimeters", "is_correct": false, "order": 3}}, {"model": "maths.answer", "pk": 182, "fields": {"question": 45, "answer_text": "decimeters", "is_correct": false, "order": 4}}, {"model": "maths.answer", "pk": 183, "fields": {"question": 46, "answer_text": "kilometers", "is_correct": true, "order": 0}}, {"model": "maths.answer", "pk": 184, "fields": {"question": 46, "answer_text": "meters", "is_correct": false, "order": 1}}, {"model": "maths.answer", "pk": 185, "fields": {"question": 46, "answer_text": "centimeters", "is_correct": false, "order": 2}}, {"model": "maths.answer", "pk": 186, "fields": {"question": 46, "answer_text": "millimeters", "is_correct": false, "order": 3}}, {"model": "maths.answer", "pk": 187, "fields": {"question": 46, "answer_text": "hectometers", "is_correct": false, "order": 4}}, {"model": "maths.answer", "pk": 188, "fields": {"question": 47, "answer_text": "centimeters", "is_correct": true, "order": 0}}, {"model": "maths.answer", "pk": 189, "fields": {"question": 47, "answer_text": "meters", "is_correct": false, "order": 1}}, {"model": "maths.answer", "pk": 190, "fields": {"question": 47, "answer_text": "kilometers", "is_correct": false, "order": 2}}, {"model": "maths.answer", "pk": 191, "fields": {"question": 47, "answer_text": "millimeters", "is_correct": false, "order": 3}}, {"model": "maths.answer", "pk": 192, "fields": {"question": 47, "answer_text": "decimeters", "is_correct": false, "order": 4}}, {"model": "maths.answer", "pk": 193, "fields": {"question": 48, "answer_text": "millimeters", "is_correct": true, "order": 0}}, {"model": "maths.answer", "pk": 194, "fields": {"question": 48, "answer_text": "centimeters", "is_correct": false, "order": 1}}, {"model": "maths.answer", "pk": 195, "fields": {"question": 48, "answer_text": "meters", "is_correct": false, "order": 2}}, {"model": "maths.answer", "pk": 196, "fields": {"question": 48, "answer_text": "kilometers", "is_correct": false, "order": 3}}, {"model": "maths.answer", "pk": 197, "fields": {"question": 48, "answer_text": "decimeters", "is_correct": false, "order": 4}}, {"model": "maths.answer", "pk": 198, "fields": {"question": 49, "answer_text": "kilometers", "is_correct": true, "order": 0}}, {"model": "maths.answer", "pk": 199, "fields": {"question": 49, "answer_text": "meters", "is_correct": false, "order": 1}}, {"model": "maths.answer", "pk": 200, "fields": {"question": 49, "answer_text": "centimeters", "is_correct": false, "order": 2}}, {"model": "maths.answer", "pk": 201, "fields": {"question": 49, "answer_text": "millimeters", "is_correct": false, "order": 3}}, {"model": "maths.answer", "pk": 202, "fields": {"question": 49, "answer_text": "decimeters", "is_correct": false, "order": 4}}, {"model": "maths.answer", "pk": 203, "fields": {"question": 50, "answer_text": "centimeters", "is_correct": true, "order": 0}}, {"model": "maths.answer", "pk": 204, "fields": {"question": 50, "answer_text": "meters", "is_correct": false, "order": 1}}, {"model": "maths.answer", "pk": 205, "fields": {"question": 50, "answer_text": "kilometers", "is_correct": false, "order": 2}}, {"model": "maths.answer", "pk": 206, "fields": {"question": 50, "answer_text": "millimeters", "is_correct": false, "order": 3}}, {"model": "maths.answer", "pk": 207, "fields": {"question": 50, "answer_text": "decimeters", "is_correct": false, "order": 4}}, {"model": "maths.answer", "pk": 208, "fields": {"question": 51, "answer_text": "500 cm", "is_correct": true, "order": 0}}, {"model": "maths.answer", "pk": 209, "fields": {"question": 51, "answer_text": "5 cm", "is_correct": false, "order": 1}}, {"model": "maths.answer", "pk": 210, "fields": {"question": 51, "answer_text": "50 cm", "is_correct": false, "order": 2}}, {"model": "maths.answer", "pk": 211, "fields": {"question": 51, "answer_text": "5000 cm", "is_correct": false, "order": 3}}, {"model": "maths.answer", "pk": 212, "fields": {"question": 51, "answer_text": "50000 cm", "is_correct": false, "order": 4}}, {"model": "maths.answer", "pk": 213, "fields": {"question": 52, "answer_text": "0.86 km", "is_correct": true, "order": 0}}, {"model": "maths.answer", "pk": 214, "fields": {"question": 52, "answer_text": "86 km", "is_correct": false, "order": 1}}, {"model": "maths.answer", "pk": 215, "fields": {"question": 52, "answer_text": "8.6 km", "is_correct": false, "order": 2}}, {"model": "maths.answer", "pk": 216, "fields": {"question": 52, "answer_text": "860 km", "is_correct": false, "order": 3}}, {"model": "maths.answer", "pk": 217, "fields": {"question": 52, "answer_text": "0.086 km", "is_correct": false, "order": 4}}, {"model": "maths.answer", "pk": 218, "fields": {"question": 53, "answer_text": "6500 mm", "is_correct": true, "order": 0}}, {"model": "maths.answer", "pk": 219, "fields": {"question": 53, "answer_text": "65 mm", "is_correct": false, "order": 1}}, {"model": "maths.answer", "pk": 220, "fields": {"question": 53, "answer_text": "650 mm", "is_correct": false, "order": 2}}, {"model": "maths.answer", "pk": 221, "fields": {"question": 53, "answer_text": "65000 mm", "is_correct": false, "order": 3}}, {"model": "maths.answer", "pk": 222, "fields": {"question": 53, "answer_text": "650000 mm", "is_correct": false, "order": 4}}, {"model": "maths.answer", "pk": 223, "fields": {"question": 54, "answer_text": "0.6 km", "is_correct": true, "order": 0}}, {"model": "maths.answer", "pk": 224, "fields": {"question": 54, "answer_text": "60 km", "is_correct": false, "order": 1}}, {"model": "maths.answer", "pk": 225, "fields": {"question": 54, "answer_text": "6 km", "is_correct": false, "order": 2}}, {"model": "maths.answer", "pk": 226, "fields": {"question": 54, "answer_text": "600 km", "is_correct": false, "order": 3}}, {"model": "maths.answer", "pk": 227, "fields": {"question": 54, "answer_text": "0.06 km", "is_correct": false, "order": 4}}, {"model": "maths.answer", "pk": 228, "fields": {"question": 55, "answer_text": "3000 m", "is_correct": true, "order": 0}}, {"model": "maths.answer", "pk": 229, "fields": {"question": 55, "answer_text": "30 m", "is_correct": false, "order": 1}}, {"model": "maths.answer", "pk": 230, "fields": {"question": 55, "answer_text": "300 m", "is_correct": false, "order": 2}}, {"model": "maths.answer", "pk": 231, "fields": {"question": 55, "answer_text": "30000 m", "is_correct": false, "order": 3}}, {"model": "maths.answer", "pk": 232, "fields": {"question": 55, "answer_text": "0.3 m", "is_correct": false, "order": 4}}, {"model": "maths.answer", "pk": 233, "fields": {"question": 56, "answer_text": "4.5 m", "is_correct": true, "order": 0}}, {"model": "maths.answer", "pk": 234, "fields": {"question": 56, "answer_text": "45 m", "is_correct": false, "order": 1}}, {"model": "maths.answer", "pk": 235, "fields": {"question": 56, "answer_text": "0.45 m", "is_correct": false, "order": 2}}, {"model": "maths.answer", "pk": 236, "fields": {"question": 56, "answer_text": "4500 m", "is_correct": false, "order": 3}}, {"model": "maths.answer", "pk": 237, "fields": {"question": 56, "answer_text": "45000 m", "is_correct": false, "order": 4}}, {"model": "maths.answer", "pk": 238, "fields": {"question": 57, "answer_text": "2800 m", "is_correct": true, "order": 0}}, {"model": "maths.answer", "pk": 239, "fields": {"question": 57, "answer_text": "28 m", "is_correct": false, "order": 1}}, {"model": "maths.answer", "pk": 240, "fields": {"question": 57, "answer_text": "280 m", "is_correct": false, "order": 2}}, {"model": "maths.answer", "pk": 241, "fields": {"question": 57, "answer_text": "28000 m", "is_correct": false, "order": 3}}, {"model": "maths.answer", "pk": 242, "fields": {"question": 57, "answer_text": "0.28 m", "is_correct": false, "order": 4}}, {"model": "maths.answer", "pk": 243, "fields": {"question": 58, "answer_text": "750 cm", "is_correct": true, "order": 0}}, {"model": "maths.answer", "pk": 244, "fields": {"question": 58, "answer_text": "75 cm", "is_correct": false, "order": 1}}, {"model": "maths.answer", "pk": 245, "fields": {"question": 58, "answer_text": "7.5 cm", "is_correct": false, "order": 2}}, {"model": "maths.answer", "pk": 246, "fields": {"question": 58, "answer_text": "7500 cm", "is_correct": false, "order": 3}}, {"model": "maths.answer", "pk": 247, "fields": {"question": 58, "answer_text": "75000 cm", "is_correct": false, "order": 4}}, {"model": "maths.answer", "pk": 248, "fields": {"question": 59, "answer_text": "93 mm", "is_correct": true, "order": 0}}, {"model": "maths.answer", "pk": 249, "fields": {"question": 59, "answer_text": "9.3 mm", "is_correct": false, "order": 1}}, {"model": "maths.answer", "pk": 250, "fields": {"question": 59, "answer_text": "930 mm", "is_correct": false, "order": 2}}, {"model": "maths.answer", "pk": 251, "fields": {"question": 59, "answer_text": "9300 mm", "is_correct": false, "order": 3}}, {"model": "maths.answer", "pk": 252, "fields": {"question": 59, "answer_text": "0.93 mm", "is_correct": false, "order": 4}}, {"model": "maths.answer", "pk": 253, "fields": {"question": 60, "answer_text": "1500 mm", "is_correct": true, "order": 0}}, {"model": "maths.answer", "pk": 254, "fields": {"question": 60, "answer_text": "15 mm", "is_correct": false, "order": 1}}, {"model": "maths.answer", "pk": 255, "fields": {"question": 60, "answer_text": "150 mm", "is_correct": false, "order": 2}}, {"model": "maths.answer", "pk": 256, "fields": {"question": 60, "answer_text": "15000 mm", "is_correct": false, "order": 3}}, {"model": "maths.answer", "pk": 257, "fields": {"question": 60, "answer_text": "0.15 mm", "is_correct": false, "order": 4}}, {"model": "maths.answer", "pk": 258, "fields": {"question": 61, "answer_text": "meters", "is_correct": true, "order": 0}}, {"model": "maths.answer", "pk": 259, "fields": {"question": 61, "answer_text": "centimeters", "is_correct": false, "order": 1}}, {"model": "maths.answer", "pk": 260, "fields": {"question": 61, "answer_text": "kilometers", "is_correct": false, "order": 2}}, {"model": "maths.answer", "pk": 261, "fields": {"question": 61, "answer_text": "millimeters", "is_correct": false, "order": 3}}, {"model": "maths.answer", "pk": 262, "fields": {"question": 61, "answer_text": "decimeters", "is_correct": false, "order": 4}}, {"model": "maths.answer", "pk": 263, "fields": {"question": 62, "answer_text": "kilometers", "is_correct": true, "order": 0}}, {"model": "maths.answer", "pk": 264, "fields": {"question": 62, "answer_text": "meters", "is_correct": false, "order": 1}}, {"model": "maths.answer", "pk": 265, "fields": {"question": 62, "answer_text": "centimeters", "is_correct": false, "order": 2}}, {"model": "maths.answer", "pk": 266, "fields": {"question": 62, "answer_text": "millimeters", "is_correct": false, "order": 3}}, {"model": "maths.answer", "pk": 267, "fields": {"question": 62, "answer_text": "hectometers", "is_correct": false, "order": 4}}, {"model": "maths.answer", "pk": 268, "fields": {"question": 63, "answer_text": "centimeters", "is_correct": true, "order": 0}}, {"model": "maths.answer", "pk": 269, "fields": {"question": 63, "answer_text": "meters", "is_correct": false, "order": 1}}, {"model": "maths.answer", "pk": 270, "fields": {"question": 63, "answer_text": "kilometers", "is_correct": false, "order": 2}}, {"model": "maths.answer", "pk": 271, "fields": {"question": 63, "answer_text": "millimeters", "is_correct": false, "order": 3}}, {"model": "maths.answer", "pk": 272, "fields": {"question": 63, "answer_text": "decimeters", "is_correct": false, "order": 4}}, {"model": "maths.answer", "pk": 273, "fields": {"question": 64, "answer_text": "millimeters", "is_correct": true, "order": 0}}, {"model": "maths.answer", "pk": 274, "fields": {"question": 64, "answer_text": "centimeters", "is_correct": false, "order": 1}}, {"model": "maths.answer", "pk": 275, "fields": {"question": 64, "answer_text": "meters", "is_correct": false, "order": 2}}, {"model": "maths.answer", "pk": 276, "fields": {"question": 64, "answer_text": "kilometers", "is_correct": false, "order": 3}}, {"model": "maths.answer", "pk": 277, "fields": {"question": 64, "answer_text": "decimeters", "is_correct": false, "order": 4}}, {"model": "maths.answer", "pk": 278, "fields": {"question": 65, "answer_text": "kilometers", "is_correct": true, "order": 0}}, {"model": "maths.answer", "pk": 279, "fields": {"question": 65, "answer_text": "meters", "is_correct": false, "order": 1}}, {"model": "maths.answer", "pk": 280, "fields": {"question": 65, "answer_text": "centimeters", "is_correct": false, "order": 2}}, {"model": "maths.answer", "pk": 281, "fields": {"question": 65, "answer_text": "millimeters", "is_correct": false, "order": 3}}, {"model": "maths.answer", "pk": 282, "fields": {"question": 65, "answer_text": "decimeters", "is_correct": false, "order": 4}}, {"model": "maths.answer", "pk": 283, "fields": {"question": 66, "answer_text": "centimeters", "is_correct": true, "order": 0}}, {"model": "maths.answer", "pk": 284, "fields": {"question": 66, "answer_text": "meters", "is_correct": false, "order": 1}}, {"model": "maths.answer", "pk": 285, "fields": {"question": 66, "answer_text": "kilometers", "is_correct": false, "order": 2}}, {"model": "maths.answer", "pk": 286, "fields": {"question": 66, "answer_text": "millimeters", "is_correct": false, "order": 3}}, {"model": "maths.answer", "pk": 287, "fields": {"question": 66, "answer_text": "decimeters", "is_correct": false, "order": 4}}, {"model": "maths.answer", "pk": 288, "fields": {"question": 67, "answer_text": "500 cm", "is_correct": true, "order": 0}}, {"model": "maths.answer", "pk": 289, "fields": {"question": 67, "answer_text": "5 cm", "is_correct": false, "order": 1}}, {"model": "maths.answer", "pk": 290, "fields": {"question": 67, "answer_text": "50 cm", "is_correct": false, "order": 2}}, {"model": "maths.answer", "pk": 291, "fields": {"question": 67, "answer_text": "5000 cm", "is_correct": false, "order": 3}}, {"model": "maths.answer", "pk": 292, "fields": {"question": 67, "answer_text": "50000 cm", "is_correct": false, "order": 4}}, {"model": "maths.answer", "pk": 293, "fields": {"question": 68, "answer_text": "0.86 km", "is_correct": true, "order": 0}}, {"model": "maths.answer", "pk": 294, "fields": {"question": 68, "answer_text": "86 km", "is_correct": false, "order": 1}}, {"model": "maths.answer", "pk": 295, "fields": {"question": 68, "answer_text": "8.6 km", "is_correct": false, "order": 2}}, {"model": "maths.answer", "pk": 296, "fields": {"question": 68, "answer_text": "860 km", "is_correct": false, "order": 3}}, {"model": "maths.answer", "pk": 297, "fields": {"question": 68, "answer_text": "0.086 km", "is_correct": false, "order": 4}}, {"model": "maths.answer", "pk": 298, "fields": {"question": 69, "answer_text": "6500 mm", "is_correct": true, "order": 0}}, {"model": "maths.answer", "pk": 299, "fields": {"question": 69, "answer_text": "65 mm", "is_correct": false, "order": 1}}, {"model": "maths.answer", "pk": 300, "fields": {"question": 69, "answer_text": "650 mm", "is_correct": false, "order": 2}}, {"model": "maths.answer", "pk": 301, "fields": {"question": 69, "answer_text": "65000 mm", "is_correct": false, "order": 3}}, {"model": "maths.answer", "pk": 302, "fields": {"question": 69, "answer_text": "650000 mm", "is_correct": false, "order": 4}}, {"model": "maths.answer", "pk": 303, "fields": {"question": 70, "answer_text": "0.6 km", "is_correct": true, "order": 0}}, {"model": "maths.answer", "pk": 304, "fields": {"question": 70, "answer_text": "60 km", "is_correct": false, "order": 1}}, {"model": "maths.answer", "pk": 305, "fields": {"question": 70, "answer_text": "6 km", "is_correct": false, "order": 2}}, {"model": "maths.answer", "pk": 306, "fields": {"question": 70, "answer_text": "600 km", "is_correct": false, "order": 3}}, {"model": "maths.answer", "pk": 307, "fields": {"question": 70, "answer_text": "0.06 km", "is_correct": false, "order": 4}}, {"model": "maths.answer", "pk": 308, "fields": {"question": 71, "answer_text": "3000 m", "is_correct": true, "order": 0}}, {"model": "maths.answer", "pk": 309, "fields": {"question": 71, "answer_text": "30 m", "is_correct": false, "order": 1}}, {"model": "maths.answer", "pk": 310, "fields": {"question": 71, "answer_text": "300 m", "is_correct": false, "order": 2}}, {"model": "maths.answer", "pk": 311, "fields": {"question": 71, "answer_text": "30000 m", "is_correct": false, "order": 3}}, {"model": "maths.answer", "pk": 312, "fields": {"question": 71, "answer_text": "0.3 m", "is_correct": false, "order": 4}}, {"model": "maths.answer", "pk": 313, "fields": {"question": 72, "answer_text": "4.5 m", "is_correct": true, "order": 0}}, {"model": "maths.answer", "pk": 314, "fields": {"question": 72, "answer_text": "45 m", "is_correct": false, "order": 1}}, {"model": "maths.answer", "pk": 315, "fields": {"question": 72, "answer_text": "0.45 m", "is_correct": false, "order": 2}}, {"model": "maths.answer", "pk": 316, "fields": {"question": 72, "answer_text": "4500 m", "is_correct": false, "order": 3}}, {"model": "maths.answer", "pk": 317, "fields": {"question": 72, "answer_text": "45000 m", "is_correct": false, "order": 4}}, {"model": "maths.answer", "pk": 318, "fields": {"question": 73, "answer_text": "2800 m", "is_correct": true, "order": 0}}, {"model": "maths.answer", "pk": 319, "fields": {"question": 73, "answer_text": "28 m", "is_correct": false, "order": 1}}, {"model": "maths.answer", "pk": 320, "fields": {"question": 73, "answer_text": "280 m", "is_correct": false, "order": 2}}, {"model": "maths.answer", "pk": 321, "fields": {"question": 73, "answer_text": "28000 m", "is_correct": false, "order": 3}}, {"model": "maths.answer", "pk": 322, "fields": {"question": 73, "answer_text": "0.28 m", "is_correct": false, "order": 4}}, {"model": "maths.answer", "pk": 323, "fields": {"question": 74, "answer_text": "750 cm", "is_correct": true, "order": 0}}, {"model": "maths.answer", "pk": 324, "fields": {"question": 74, "answer_text": "75 cm", "is_correct": false, "order": 1}}, {"model": "maths.answer", "pk": 325, "fields": {"question": 74, "answer_text": "7.5 cm", "is_correct": false, "order": 2}}, {"model": "maths.answer", "pk": 326, "fields": {"question": 74, "answer_text": "7500 cm", "is_correct": false, "order": 3}}, {"model": "maths.answer", "pk": 327, "fields": {"question": 74, "answer_text": "75000 cm", "is_correct": false, "order": 4}}, {"model": "maths.answer", "pk": 328, "fields": {"question": 75, "answer_text": "93 mm", "is_correct": true, "order": 0}}, {"model": "maths.answer", "pk": 329, "fields": {"question": 75, "answer_text": "9.3 mm", "is_correct": false, "order": 1}}, {"model": "maths.answer", "pk": 330, "fields": {"question": 75, "answer_text": "930 mm", "is_correct": false, "order": 2}}, {"model": "maths.answer", "pk": 331, "fields": {"question": 75, "answer_text": "9300 mm", "is_correct": false, "order": 3}}, {"model": "maths.answer", "pk": 332, "fields": {"question": 75, "answer_text": "0.93 mm", "is_correct": false, "order": 4}}, {"model": "maths.answer", "pk": 333, "fields": {"question": 76, "answer_text": "1500 mm", "is_correct": true, "order": 0}}, {"model": "maths.answer", "pk": 334, "fields": {"question": 76, "answer_text": "15 mm", "is_correct": false, "order": 1}}, {"model": "maths.answer", "pk": 335, "fields": {"question": 76, "answer_text": "150 mm", "is_correct": false, "order": 2}}, {"model": "maths.answer", "pk": 336, "fields": {"question": 76, "answer_text": "15000 mm", "is_correct": false, "order": 3}}, {"model": "maths.answer", "pk": 337, "fields": {"question": 76, "answer_text": "0.15 mm", "is_correct": false, "order": 4}}, {"model": "maths.answer", "pk": 338, "fields": {"question": 77, "answer_text": "2.7 cm", "is_correct": true, "order": 0}}, {"model": "maths.answer", "pk": 339, "fields": {"question": 77, "answer_text": "2.6 cm", "is_correct": false, "order": 1}}, {"model": "maths.answer", "pk": 340, "fields": {"question": 77, "answer_text": "2.8 cm", "is_correct": false, "order": 2}}, {"model": "maths.answer", "pk": 341, "fields": {"question": 77, "answer_text": "2.5 cm", "is_correct": false, "order": 3}}, {"model": "maths.answer", "pk": 342, "fields": {"question": 77, "answer_text": "3.0 cm", "is_correct": false, "order": 4}}, {"model": "maths.answer", "pk": 343, "fields": {"question": 78, "answer_text": "1.5 m", "is_correct": true, "order": 0}}, {"model": "maths.answer", "pk": 344, "fields": {"question": 78, "answer_text": "1.4 m", "is_correct": false, "order": 1}}, {"model": "maths.answer", "pk": 345, "fields": {"question": 78, "answer_text": "1.6 m", "is_correct": false, "order": 2}}, {"model": "maths.answer", "pk": 346, "fields": {"question": 78, "answer_text": "2.0 m", "is_correct": false, "order": 3}}, {"model": "maths.answer", "pk": 347, "fields": {"question": 78, "answer_text": "1.0 m", "is_correct": false, "order": 4}}, {"model": "maths.studentanswer", "pk": 1, "fields": {"student": 2, "question": 33, "selected_answer": 130, "text_answer": "", "is_correct": true, "points_earned": 1, "answered_at": "2025-10-28T06:29:28.248Z"}}, {"model": "maths.studentanswer", "pk": 2, "fields": {"student": 2, "question": 34, "selected_answer": 134, "text_answer": "", "is_correct": true, "points_earned": 1, "answered_at": "2025-10-28T06:29:43.021Z"}}, {"model": "maths.studentanswer", "pk": 3, "fields": {"student": 2, "question": 35, "selected_answer": 139, "text_answer": "", "is_correct": true, "points_earned": 1, "answered_at": "2025-10-28T06:29:58.236Z"}}, {"model": "maths.studentanswer", "pk": 4, "fields": {"student": 2, "question": 36, "selected_answer": 142, "text_answer": "", "is_correct": true, "points_earned": 1, "answered_at": "2025-10-28T06:30:11.321Z"}}, {"model": "maths.studentanswer", "pk": 5, "fields": {"student": 2, "question": 37, "selected_answer": 147, "text_answer": "", "is_correct": true, "points_earned": 1, "answered_at": "2025-10-28T06:30:41.023Z"}}, {"model": "maths.studentanswer", "pk": 6, "fields": {"student": 2, "question": 38, "selected_answer": 152, "text_answer": "", "is_correct": true, "points_earned": 1, "answered_at": "2025-10-28T06:31:00.203Z"}}, {"model": "maths.studentanswer", "pk": 7, "fields": {"student": 2, "question": 39, "selected_answer": 153, "text_answer": "", "is_correct": true, "points_earned": 1, "answered_at": "2025-10-28T06:31:17.606Z"}}, {"model": "maths.studentanswer", "pk": 8, "fields": {"student": 2, "question": 40, "selected_answer": 158, "text_answer": "", "is_correct": true, "points_earned": 1, "answered_at": "2025-10-28T06:32:04.370Z"}}, {"model": "maths.studentanswer", "pk": 9, "fields": {"student": 2, "question": 23, "selected_answer": 90, "text_answer": "", "is_correct": true, "points_earned": 1, "answered_at": "2025-10-28T06:32:58.904Z"}}, {"model": "maths.studentanswer", "pk": 10, "fields": {"student": 2, "question": 1, "selected_answer": 1, "text_answer": "", "is_correct": true, "points_earned": 1, "answered_at": "2025-10-28T06:59:32.647Z"}}, {"model": "maths.studentanswer", "pk": 11, "fields": {"student": 2, "question": 2, "selected_answer": 8, "text_answer": "", "is_correct": true, "points_earned": 1, "answered_at": "2025-10-28T06:59:53.814Z"}}, {"model": "maths.studentanswer", "pk": 12, "fields": {"student": 2, "question": 3, "selected_answer": 9, "text_answer": "", "is_correct": true, "points_earned": 1, "answered_at": "2025-10-28T07:01:22.573Z"}}, {"model": "maths.studentanswer", "pk": 13, "fields": {"student": 2, "question": 4, "selected_answer": 15, "text_answer": "", "is_correct": true, "points_earned": 1, "answered_at": "2025-10-28T07:01:32.109Z"}}, {"model": "maths.studentanswer", "pk": 14, "fields": {"student": 2, "question": 5, "selected_answer": 17, "text_answer": "", "is_correct": true, "points_earned": 1, "answered_at": "2025-10-28T07:01:44.262Z"}}, {"model": "maths.studentanswer", "pk": 15, "fields": {"student": 2, "question": 6, "selected_answer": 21, "text_answer": "", "is_correct": true, "points_earned": 1, "answered_at": "2025-10-28T07:02:06.582Z"}}, {"model": "maths.studentanswer", "pk": 16, "fields": {"student": 2, "question": 7, "selected_answer": 25, "text_answer": "", "is_correct": true, "points_earned": 1, "answered_at": "2025-10-28T07:02:18.949Z"}}, {"model": "maths.studentanswer", "pk": 17, "fields": {"student": 2, "question": 8, "selected_answer": 29, "text_answer": "", "is_correct": true, "points_earned": 1, "answered_at": "2025-10-28T07:02:26.825Z"}}, {"model": "maths.studentanswer", "pk": 18, "fields": {"student": 2, "question": 9, "selected_answer": 33, "text_answer": "", "is_correct": true, "points_earned": 1, "answered_at": "2025-10-28T07:02:34.134Z"}}, {"model": "maths.studentanswer", "pk": 19, "fields": {"student": 2, "question": 10, "selected_answer": 37, "text_answer": "", "is_correct": true, "points_earned": 1, "answered_at": "2025-10-28T07:03:15.303Z"}}, {"model": "maths.studentanswer", "pk": 20, "fields": {"student": 2, "question": 11, "selected_answer": 41, "text_answer": "", "is_correct": true, "points_earned": 1, "answered_at": "2025-10-28T07:03:25.742Z"}}, {"model": "maths.studentanswer", "pk": 21, "fields": {"student": 2, "question": 12, "selected_answer": 45, "text_answer": "", "is_correct": true, "points_earned": 1, "answered_at": "2025-10-28T07:03:33.849Z"}}, {"model": "maths.studentanswer", "pk": 22, "fields": {"student": 2, "question": 13, "selected_answer": 49, "text_answer": "", "is_correct": true, "points_earned": 1, "answered_at": "2025-10-28T07:03:42.879Z"}}, {"model": "maths.studentanswer", "pk": 23, "fields": {"student": 2, "question": 14, "selected_answer": 53, "text_answer": "", "is_correct": true, "points_earned": 1, "answered_at": "2025-10-28T07:03:49.780Z"}}, {"model": "maths.studentanswer", "pk": 24, "fields": {"student": 2, "question": 15, "selected_answer": 57, "text_answer": "", "is_correct": true, "points_earned": 1, "answered_at": "2025-10-28T07:03:56.133Z"}}, {"model": "maths.studentanswer", "pk": 25, "fields": {"student": 2, "question": 16, "selected_answer": 61, "text_answer": "", "is_correct": true, "points_earned": 1, "answered_at": "2025-10-28T07:04:12.155Z"}}, {"model": "maths.studentanswer", "pk": 26, "fields": {"student": 2, "question": 17, "selected_answer": 65, "text_answer": "", "is_correct": true, "points_earned": 1, "answered_at": "2025-10-28T07:04:21.099Z"}}, {"model": "maths.studentanswer", "pk": 27, "fields": {"student": 2, "question": 18, "selected_answer": 177, "text_answer": "", "is_correct": true, "points_earned": 1, "answered_at": "2025-10-28T07:05:14.574Z"}}, {"model": "maths.studentanswer", "pk": 28, "fields": {"student": 2, "question": 19, "selected_answer": 73, "text_answer": "", "is_correct": true, "points_earned": 1, "answered_at": "2025-10-28T07:05:36.194Z"}}, {"model": "maths.studentanswer", "pk": 29, "fields": {"student": 2, "question": 20, "selected_answer": 77, "text_answer": "", "is_correct": true, "points_earned": 1, "answered_at": "2025-10-28T07:06:19.402Z"}}, {"model": "maths.studentanswer", "pk": 30, "fields": {"student": 2, "question": 21, "selected_answer": 84, "text_answer": "", "is_correct": true, "points_earned": 1, "answered_at": "2025-10-28T07:07:05.740Z"}}, {"model": "maths.studentanswer", "pk": 31, "fields": {"student": 2, "question": 22, "selected_answer": 85, "text_answer": "", "is_correct": true, "points_earned": 1, "answered_at": "2025-10-28T07:07:28.055Z"}}]